{
    "ret": 0.7169703994794011,
    "mtx": [
        [
            1425.6127815999128,
            0.0,
            964.0410057166334
        ],
        [
            0.0,
            1433.7261376038286,
            517.7493656488004
        ],
        [
            0.0,
            0.0,
            1.0
        ]
    ],
    "dist": [
        [
            0.0984101996167865,
            -0.21638051191665067,
            -0.0045281460342431875,
            0.0005564795866870549,
            -0.42998406474845696
        ]
    ],
    "rvecs": [
        [
            [
                0.3302960154307951
            ],
            [
                0.42245274153594514
            ],
            [
                -1.5440676449403625
            ]
        ],
        [
            [
                0.30827087142682524
            ],
            [
                -0.3618943147522271
            ],
            [
                -1.5378042801277971
            ]
        ],
        [
            [
                -0.8414765673548154
            ],
            [
                0.13258214170476754
            ],
            [
                -1.4828476800458057
            ]
        ],
        [
            [
                -0.4390483529829791
            ],
            [
                -0.5304929213693814
            ],
            [
                -1.4852905215712717
            ]
        ]
    ],
    "tvecs": [
        [
            [
                -4.375307921482577
            ],
            [
                3.3860838538378575
            ],
            [
                13.503265103473833
            ]
        ],
        [
            [
                -2.708666887821241
            ],
            [
                2.6498962963758728
            ],
            [
                10.464682541848836
            ]
        ],
        [
            [
                -4.1784961708087875
            ],
            [
                2.8479715951681603
            ],
            [
                12.782069263842539
            ]
        ],
        [
            [
                -4.185495934245952
            ],
            [
                1.5201228140994387
            ],
            [
                9.474295139502939
            ]
        ]
    ]
}